Id,Magnitude,Latitude,Longitude,Depth (km),Date (utc)
1,4.6,1.2346,97.1384,35.69,2012-07-01 12:51:14
2,2.5,32.1773,-115.2685,0.2,2012-07-01 11:57:22
3,2.8,32.1825,-115.2627,0.1,2012-07-01 11:49:16
4,3,32.198,-115.2918,0,2012-07-01 11:24:29
5,2.7,32.1927,-115.2845,0,2012-07-01 10:22:19
6,3.6,39.797,-123.3497,0,2012-07-01 10:05:53
7,2.5,32.1305,-115.2835,8.1,2012-07-01 08:39:38
8,2.7,32.193,-115.3115,0.1,2012-07-01 08:10:18
9,2.6,32.1763,-115.283,18.8,2012-07-01 08:08:29
10,2.7,32.2028,-115.2993,0.2,2012-07-01 08:06:32
11,4.1,32.18,-115.2703,10,2012-07-01 07:54:20
12,4.6,5.6588,125.5842,149.17,2012-07-01 07:49:53
13,2.5,32.2013,-115.2675,0.7,2012-07-01 06:58:14
14,3.5,32.1632,-115.2508,0.1,2012-07-01 06:49:58
15,3,32.1605,-115.281,3.5,2012-07-01 06:49:07
16,4.7,32.2132,-115.2887,10,2012-07-01 06:36:06
17,2.8,32.1638,-115.2918,1.1,2012-07-01 06:29:18
18,4.1,-22.6787,-66.559,293.56,2012-07-01 06:25:34
19,3.4,32.18,-115.3003,0.9,2012-07-01 05:52:41
20,2.5,32.2093,-115.3365,12.6,2012-07-01 04:28:29
21,3.32,38.251,-116.4416,0,2012-07-01 04:25:27
22,4.5,-7.7179,128.5865,94.2,2012-07-01 04:23:32
23,5.5,25.5706,94.7661,62.42,2012-07-01 04:13:52
24,3.5,32.181,-115.3103,10,2012-07-01 03:33:47
25,3.1,19.4148,-64.9097,28,2012-07-01 03:26:45
26,4.6,32.252,-115.3303,10,2012-07-01 03:25:21
27,5,31.7185,50.9445,9.84,2012-07-01 02:49:48
28,4.8,14.0161,145.1589,109.91,2012-07-01 02:04:38
29,2.5,63.5403,-147.3639,0,2012-07-01 02:01:53
30,4.2,-7.3777,128.7884,143.22,2012-07-01 01:43:26
31,4.7,-22.3936,-68.286,102.19,2012-07-01 00:44:31
32,4.5,-0.3043,125.3715,74.06,2012-06-30 22:56:59
33,4.8,15.6315,147.0199,34.99,2012-06-30 21:03:36
34,2.7,36.5832,-121.0455,8.5,2012-06-30 20:47:05
35,4.7,28.6295,96.3635,33.38,2012-06-30 19:43:24
36,2.8,51.4665,-178.938,25.9,2012-06-30 16:46:43
37,5,-22.1353,170.9964,95.98,2012-06-30 16:24:37
38,4.8,-33.4908,-177.7928,34.85,2012-06-30 15:26:32
39,2.9,65.4182,-144.7573,0.5,2012-06-30 15:21:01
40,2.9,19.8265,-155.1033,40.1,2012-06-30 14:51:57
41,4.3,-7.2753,129.8197,133.61,2012-06-30 11:42:27
42,2.9,52.236,-170.5824,25.8,2012-06-30 11:39:50
43,4.6,43.5245,84.6374,16.21,2012-06-30 10:08:59
44,4.3,-22.231,-68.733,116.8,2012-06-30 08:27:09
45,4.6,43.4185,84.7533,10.21,2012-06-30 07:35:56
46,4.1,14.9475,-94.1902,35.06,2012-06-30 07:33:28
47,4.7,38.2424,141.7833,77.2,2012-06-30 07:11:48
48,2.8,33.4992,-116.512,12.3,2012-06-30 03:21:23
49,2.8,33.4993,-116.5172,13,2012-06-30 03:20:41
50,2.6,60.0245,-151.6346,64.9,2012-06-30 02:36:56
51,2.5,52.1764,-170.6128,25.7,2012-06-30 02:26:38
52,4,40.7353,-125.1488,23.9,2012-06-30 01:53:55
53,3.4,18.3763,-68.8953,111,2012-06-30 00:52:53
54,4.5,43.4481,84.8827,15.02,2012-06-30 00:46:49
55,4.9,-33.5304,-176.5312,33.6,2012-06-30 00:14:47
56,5.2,28.1278,143.446,9.96,2012-06-30 00:09:05
57,4.8,-33.3581,-178.2375,17.71,2012-06-29 22:37:04
58,4.7,-33.6825,178.7717,49.81,2012-06-29 22:02:16
59,3.2,19.318,-66.102,11,2012-06-29 21:11:33
60,6.3,43.444,84.725,18,2012-06-29 21:07:32
61,3.1,41.9287,-126.1358,23.6,2012-06-29 20:33:45
62,4.8,-11.9957,166.2315,31.49,2012-06-29 20:03:41
63,4.5,52.1429,-171.48,46.5,2012-06-29 18:07:14
64,2.7,61.8212,-148.5872,4.9,2012-06-29 17:15:17
65,5.8,-24.7351,-9.7227,9.96,2012-06-29 15:31:46
66,4.8,-23.8413,179.8151,553.04,2012-06-29 13:15:23
67,5.2,14.9667,-93.0512,74.82,2012-06-29 13:00:26
68,3,17.9055,-68.5046,137,2012-06-29 12:43:07
69,2.8,61.5933,-151.3039,0.1,2012-06-29 11:07:39
70,4.9,-25.7945,-177.5086,164.1,2012-06-29 10:01:43
71,4.9,1.1018,97.2729,37.53,2012-06-29 09:20:52
72,4.2,37.6305,72.2127,52.25,2012-06-29 08:13:18
73,4.6,-7.0688,105.2096,48.66,2012-06-29 06:48:55
74,3.5,19.5783,-63.6953,42,2012-06-29 06:45:22
75,4.7,37.8371,69.5205,15.69,2012-06-29 02:06:58
76,2.8,51.1146,-179.8988,10.7,2012-06-28 18:05:21
77,3.1,63.3677,-151.1848,7.4,2012-06-28 17:49:48
78,5.3,-13.4743,166.6169,10,2012-06-28 15:51:59
79,3.3,51.7424,-171.4724,17.5,2012-06-28 15:21:44
80,2.5,34.396,-119.6008,14,2012-06-28 13:30:33
81,4.5,-9.6808,113,50.03,2012-06-28 12:10:05
82,4.6,-31.449,-66.76,132.02,2012-06-28 11:49:13
83,4.8,-9.7168,113.0242,30.91,2012-06-28 11:36:59
84,2.6,18.9675,-67.1593,4,2012-06-28 11:26:10
85,4.1,-15.1825,-175.0593,246.22,2012-06-28 10:18:59
86,3,18.6875,-64.7409,5,2012-06-28 08:57:14
87,4.6,41.0006,143.0355,47.87,2012-06-28 07:41:17
88,4.4,16.2851,-96.5616,31.3,2012-06-28 07:17:49
89,3.5,62.4738,-148.3039,46.6,2012-06-28 05:58:57
90,5.2,37.163,141.0174,41.96,2012-06-28 05:51:49
91,4.5,36.73,140.8403,47.57,2012-06-28 04:55:15
92,2.8,18.6548,-65.108,18,2012-06-28 04:08:26
93,2.5,18.1007,-67.3466,19,2012-06-28 02:00:03
94,4.8,-21.8551,168.8565,17.35,2012-06-28 01:51:55
95,3.4,17.9423,-68.5534,113,2012-06-28 01:46:59
96,2.9,34.534,-119.0007,20.2,2012-06-27 23:38:53
97,2.8,18.6257,-64.6035,48,2012-06-27 23:11:13
98,2.8,18.0895,-64.9885,7,2012-06-27 21:58:58
99,5.2,-15.1183,-173.412,19.63,2012-06-27 21:20:58
100,4.9,-15.2061,-173.2774,15.06,2012-06-27 21:14:02
101,5.3,-15.1741,-173.2594,23.63,2012-06-27 20:39:18
102,2.5,51.5649,178.8031,13.2,2012-06-27 20:23:34
103,4.5,18.9862,121.0618,40.9,2012-06-27 15:51:51
104,2.5,56.0327,-155.6503,42,2012-06-27 14:43:16
105,4.5,-26.1915,-179.8577,473.4,2012-06-27 13:55:34
106,4.5,-31.6919,-67.6763,40.2,2012-06-27 13:06:34
107,5.2,-8.2758,119.8521,9.34,2012-06-27 12:56:55
108,2.5,18.0785,-66.1955,11,2012-06-27 12:39:26
109,4.5,-1.4519,-80.5062,50.32,2012-06-27 12:17:31
110,5.1,23.2031,143.5057,10.55,2012-06-27 11:30:01
111,2.6,18.568,-65.596,30,2012-06-27 11:07:06
112,4.7,41.2571,-29.3981,9.91,2012-06-27 09:40:07
113,2.7,65.9675,-150.184,13.8,2012-06-27 08:25:12
114,3.8,65.966,-150.1868,13.6,2012-06-27 08:19:04
115,4.8,-15.5373,-173.8195,33.26,2012-06-27 06:56:44
116,4.6,39.7665,142.9926,34.99,2012-06-27 06:47:32
117,5.7,13.9212,-89.97,160.54,2012-06-27 06:31:03
118,4.7,-7.3181,107.3107,76.19,2012-06-27 04:55:29
119,4.9,49.4259,-129.1857,13.84,2012-06-27 04:22:34
120,2.6,51.0466,179.9693,17,2012-06-27 04:14:40
121,2.8,18.5765,-66.2502,30,2012-06-27 04:08:11
122,4.4,3.7667,-76.265,159.47,2012-06-27 03:47:52
123,4.6,-7.0054,129.3995,200.55,2012-06-27 03:39:03
124,4.5,34.042,48.4736,38.2,2012-06-27 02:25:42
125,3.4,18.9895,-64.9766,15,2012-06-27 01:56:34
126,4.5,-7.6534,128.8925,125.82,2012-06-27 00:53:05
127,2.8,53.4537,-163.6501,33.1,2012-06-26 23:15:41
128,2.92,39.3101,-119.9921,6.9766,2012-06-26 21:21:58
129,4.3,-13.51,-76.21,48,2012-06-26 21:17:14
130,2.73,39.3142,-119.9942,5.7002,2012-06-26 19:05:51
131,2.6,57.4127,-155.5797,61.8,2012-06-26 18:09:05
132,5.3,15.4846,-91.9828,181.41,2012-06-26 17:19:06
133,2.6,67.5027,-148.0883,3.5,2012-06-26 15:49:55
134,2.6,52.0458,-171.4955,25.5,2012-06-26 15:09:05
135,4,35.0983,31.376,44.5,2012-06-26 14:34:21
136,3.1,32.217,-115.2808,8.3,2012-06-26 14:34:03
137,5.2,56.1626,160.5171,159.9,2012-06-26 14:17:40
138,4.1,34.6622,31.2674,54.8,2012-06-26 14:11:22
139,4.6,37.7821,144.8294,37.49,2012-06-26 13:42:30
140,4.8,-21.8069,-176.6659,187.62,2012-06-26 12:32:37
141,2.8,63.2581,-145.194,7.7,2012-06-26 10:02:51
142,2.7,53.7087,-166.0446,63.5,2012-06-26 09:49:02
143,4.5,40.6574,142.0538,85.54,2012-06-26 09:10:45
144,4.4,53.4819,-165.2794,25.6,2012-06-26 08:29:55
145,3.5,18.3313,-68.9807,134,2012-06-26 08:16:36
146,4.2,-31.1639,-179.7634,345.52,2012-06-26 08:04:11
147,4.5,-35.5184,-71.4404,72.82,2012-06-26 07:09:27
148,2.5,53.4007,-164.0544,80,2012-06-26 06:58:46
149,2.9,51.4439,176.7723,19.8,2012-06-26 06:53:48
150,2.6,51.8714,-176.3006,70.4,2012-06-26 06:20:47
151,2.5,69.6045,-143.6701,13.2,2012-06-26 05:34:58
152,4.6,-8.7433,112.52,81.75,2012-06-26 05:05:25
153,3.3,34.0615,-116.3657,7.3,2012-06-26 04:22:20
154,2.6,32.3832,-97.2133,4.93,2012-06-26 04:03:20
155,3.9,18.892,-68.8131,121,2012-06-26 03:05:11
156,4.4,-8.2644,120.8918,80.15,2012-06-26 02:31:01
157,2.7,54.3486,-163.3273,60.6,2012-06-26 02:21:52
158,2.6,52.0268,176.4181,63.2,2012-06-26 00:39:12
159,4.4,41.3897,74.5577,35.88,2012-06-26 00:32:44
160,4.7,-55.9156,-27.554,93.99,2012-06-25 23:58:00
161,3.2,54.392,-159.7213,39.1,2012-06-25 23:29:47
162,2.7,35.0155,-112.5155,4.91,2012-06-25 22:07:11
163,4.9,50.9315,157.075,60.7,2012-06-25 21:16:04
164,2.5,60.2057,-152.8671,144.3,2012-06-25 20:07:23
165,2.8,51.2237,-175.7927,25.7,2012-06-25 18:30:24
166,4.6,13.9056,-90.2127,91.2,2012-06-25 14:37:49
167,4.6,-37.9373,-74.7928,10,2012-06-25 13:38:16
168,3.5,39.463,-123.3162,8.7,2012-06-25 13:24:32
169,4.8,36.4351,28.9715,43.96,2012-06-25 13:05:29
170,4.3,-17.8077,-178.6087,587.88,2012-06-25 11:09:09
171,3.3,37.2633,-121.6372,7.8,2012-06-25 08:13:40
172,2.8,18.8607,-67.3619,7,2012-06-25 07:59:07
173,4.3,-16.113,-175.0903,294.36,2012-06-25 05:30:22
174,3.7,47.3489,-113.135,23.8,2012-06-25 04:04:56
175,3.1,47.352,-113.136,24.7,2012-06-25 04:04:31
176,4.6,13.5971,-91.5022,44.02,2012-06-25 03:42:50
177,5.2,-27.2824,-177.8477,189.76,2012-06-25 03:09:05
178,3.4,18.2416,-68.2105,105,2012-06-25 01:30:09
179,2.7,35.4743,-92.288,3.8,2012-06-25 00:27:38
180,4.7,41.0093,-29.066,10.02,2012-06-25 00:05:30
181,3.8,69.6851,-143.5522,10.3,2012-06-24 22:27:06
182,4.5,36.5486,71.3463,106.25,2012-06-24 21:49:34
183,2.5,51.5797,-176.3565,41.8,2012-06-24 20:49:03
184,4.7,41.3881,-29.1839,9.9,2012-06-24 20:43:47
185,4.9,38.7409,43.6153,13.74,2012-06-24 20:07:23
186,4.9,-60.2849,-27.762,127.4,2012-06-24 19:28:05
187,2.5,38.8467,-122.8245,1.9,2012-06-24 18:53:11
188,3,38.8437,-122.8253,2.5,2012-06-24 18:45:28
189,3.6,32.4289,-97.273,4.96,2012-06-24 17:46:44
190,4.9,-7.1687,106.0271,66.7,2012-06-24 15:40:12
191,2.9,33.0325,-115.543,12.1,2012-06-24 13:07:42
192,4.5,36.7647,142.1092,18.32,2012-06-24 12:37:58
193,4.3,34.3553,80.1929,38.25,2012-06-24 12:13:02
194,2.5,51.853,-172.2764,28.4,2012-06-24 11:31:16
195,3.3,57.7349,-155.1799,11.8,2012-06-24 10:55:27
196,5.3,-22.4917,-66.7822,192.14,2012-06-24 10:25:54
197,2.8,18.6625,-66.8263,80,2012-06-24 09:39:42
198,3.4,28.3976,-98.4229,4.94,2012-06-24 08:55:58
199,4.7,52.1547,-179.0019,152.86,2012-06-24 08:12:08
200,5.5,27.7669,100.7683,9.27,2012-06-24 07:59:34
201,3.2,69.4602,-144.3077,19.4,2012-06-24 07:29:55
202,2.8,18.106,-64.9663,14,2012-06-24 06:49:17
203,2.8,18.7744,-64.4179,41,2012-06-24 06:37:46
204,3,18.7502,-64.3755,43,2012-06-24 06:16:11
205,2.7,53.0862,-168.145,65.1,2012-06-24 05:55:38
206,2.7,40.3712,-124.9818,16.7,2012-06-24 05:40:29
207,3.2,69.611,-143.6552,17.8,2012-06-24 04:52:02
208,4.5,1.3006,98.8838,102.16,2012-06-24 04:47:24
209,4.4,37.1211,141.0305,40.7,2012-06-24 04:30:04
210,2.9,50.161,178.5811,26.1,2012-06-24 04:13:42
211,4.5,2.568,128.2739,179.61,2012-06-24 03:39:18
212,2.6,32.2317,-115.275,10,2012-06-24 03:25:41
213,6.1,57.6006,163.218,17.39,2012-06-24 03:15:02
214,3,36.9397,-121.5397,7.6,2012-06-24 03:12:25
215,3.1,52.3095,-169.0138,11.2,2012-06-24 03:07:03
216,2.7,19.1639,-66.3734,8,2012-06-24 02:55:23
217,4.2,37.3569,71.6843,111.75,2012-06-24 02:26:38
218,4.9,38.8901,142.0054,64.35,2012-06-24 01:29:17
219,4.6,-7.1396,129.2363,158.38,2012-06-24 01:20:47
220,3.6,69.5093,-144.2627,14.7,2012-06-24 01:12:24
221,2.5,50.9951,-179.9453,8.5,2012-06-24 00:54:02
222,2.7,69.7083,-143.5908,0.7,2012-06-24 00:31:35
223,4.9,-33.2514,-177.6098,35.03,2012-06-24 00:14:27
224,4.2,69.5393,-144.2509,10,2012-06-24 00:03:13
225,3.2,18.0676,-68.4574,69,2012-06-23 23:18:44
226,4.5,1.189,90.309,59.1,2012-06-23 23:13:52
227,2.5,38.7617,-122.735,1.7,2012-06-23 22:23:41
228,3.5,66.9122,-136.3822,17.2,2012-06-23 21:29:03
229,5.5,2.631,90.513,16.4,2012-06-23 21:27:29
230,3,18.1781,-67.3535,18,2012-06-23 21:09:41
231,2.5,18.8827,-64.3898,34,2012-06-23 18:52:18
232,4.3,35.725,31.049,25.4,2012-06-23 18:47:15
233,5,-21.252,-179.294,597.5,2012-06-23 18:37:18
234,4.7,38.156,21.978,51.7,2012-06-23 17:52:30
235,2.9,69.5675,-143.665,10,2012-06-23 17:06:31
236,2.5,57.0862,-155.3956,38.3,2012-06-23 14:39:11
237,2.6,36.8822,-121.6255,7.1,2012-06-23 12:17:45
238,4.8,-5.196,152.773,35,2012-06-23 10:51:39
239,2.9,69.5772,-143.8805,10,2012-06-23 10:06:21
240,2.5,60.3288,-146.4283,17.9,2012-06-23 09:43:22
241,3.1,19.0548,-67.1331,8,2012-06-23 09:13:33
242,2.8,19.0151,-67.1865,10,2012-06-23 08:16:53
243,3.2,19.0428,-67.1727,8,2012-06-23 08:13:49
244,5,51.489,-177.766,63.4,2012-06-23 07:43:49
245,4.7,-7.382,128.815,152.7,2012-06-23 07:42:46
246,2.5,31.9987,-115.1583,6,2012-06-23 07:12:07
247,3,53.1788,-164.5638,51,2012-06-23 06:59:10
248,4.2,-34.563,-71.919,47.4,2012-06-23 06:39:32
249,3.2,19.0326,-67.1262,6,2012-06-23 06:22:53
250,3,19.038,-67.1179,7,2012-06-23 06:16:06
251,2.7,53.1762,-164.5248,33.9,2012-06-23 06:07:59
252,4,-43.4528,172.1226,5,2012-06-23 05:51:55
253,2.9,18.9566,-67.2429,9,2012-06-23 05:46:56
254,2.8,18.974,-67.344,8,2012-06-23 05:46:00
255,6.1,3.008,97.926,95,2012-06-23 04:34:53
256,4.18,39.3175,-119.9899,6.3657,2012-06-23 03:51:57
257,4.6,-4.644,129.957,46.6,2012-06-23 03:29:35
258,3.2,52.402,-175.0244,234.7,2012-06-23 02:35:50
259,2.8,36.9952,-113.4918,18,2012-06-23 02:26:02
260,4,38.484,110.118,10,2012-06-23 01:38:56
261,4.7,-23.896,-13.493,10,2012-06-23 01:18:57
262,2.7,52.2704,-170.5914,25.2,2012-06-23 01:02:27
263,2.9,18.228,-68.7817,102,2012-06-22 23:02:40
264,4,-5.974,146.768,35,2012-06-22 22:49:15
265,3.5,18.3505,-65.2014,94,2012-06-22 21:19:04
266,4.7,26.034,144.374,14.9,2012-06-22 18:10:37
267,2.8,33.5013,-116.5138,14.8,2012-06-22 15:11:48
268,3.2,51.9345,177.727,1.9,2012-06-22 13:06:34
269,4.8,-30.364,-175.593,9.6,2012-06-22 12:30:19
270,4.9,-33.06,-178.246,14.6,2012-06-22 12:12:49
271,2.7,18.7787,-63.9169,10,2012-06-22 11:54:06
272,3.8,-34.229,148.713,10,2012-06-22 09:16:04
273,2.5,56.8945,-152.9335,27.1,2012-06-22 08:55:33
274,3.6,-7.782,127.962,90.4,2012-06-22 08:28:08
275,5,39.369,143.492,26.1,2012-06-22 07:58:43
276,4.7,56.7625,-152.9537,14.9,2012-06-22 07:50:17
277,3.7,18.8833,-68.7496,170,2012-06-22 06:01:28
278,3,38.0105,-111.0827,0.4,2012-06-22 05:37:14
279,3.2,17.8896,-64.11,38,2012-06-22 05:23:57
280,4.9,-17.843,167.715,54,2012-06-22 05:22:42
281,4.8,1.231,92.509,38.4,2012-06-22 05:14:47
282,5.1,-32.979,-178.33,7.3,2012-06-22 05:02:06
283,4.2,30.093,96.832,10,2012-06-22 04:47:50
284,2.7,18.9225,-67.7153,20,2012-06-22 04:45:42
285,5.7,-54.36,158.79,14,2012-06-22 04:31:17
286,4.5,-18.308,-175.087,167.9,2012-06-22 04:25:37
287,4.5,-32.789,-178.424,10,2012-06-22 03:58:36
288,2.8,54.8389,-162.5606,86.3,2012-06-22 03:44:28
289,2.6,19.3802,-155.2428,3.6,2012-06-22 03:43:42
290,4.3,32.164,94.958,10,2012-06-22 03:43:38
291,2.5,18.0807,-64.9964,5,2012-06-22 03:22:04
292,4.2,21.757,98.345,10,2012-06-22 03:20:28
293,4.1,36.044,69.355,76,2012-06-22 02:51:39
294,4,33.778,47.993,5,2012-06-22 02:46:31
295,4.2,1.04,127.084,35,2012-06-22 02:28:57
296,4.1,32.03,95.052,10,2012-06-22 02:28:02
297,5.5,-32.935,-178.65,13.6,2012-06-22 02:20:06
298,4.2,-32.872,-178.222,10,2012-06-22 02:19:35
299,4.4,-32.868,-178.186,21.5,2012-06-22 02:07:43
300,4,0.183,92.029,10,2012-06-22 01:24:24
301,4.1,39.437,143.517,26.1,2012-06-22 01:08:44
302,4.5,-32.905,-178.279,19.7,2012-06-22 01:00:56
303,4.6,-32.757,-178.287,35,2012-06-22 00:56:36
304,4.3,-32.74,-178.392,35,2012-06-22 00:23:29
305,4.2,-32.794,-178.266,35,2012-06-22 00:12:13
306,4.4,-32.928,-178.148,35,2012-06-22 00:07:37
307,4.8,-33.078,-179.484,35,2012-06-22 00:03:10
308,4.8,-32.621,-178.52,35,2012-06-22 00:03:03
309,4.5,-32.899,-178.351,32.1,2012-06-22 00:00:31
310,4,39.409,143.897,35,2012-06-21 23:58:17
311,5.2,-32.829,-178.622,13.9,2012-06-21 23:52:53
312,4.4,37.294,142.113,35,2012-06-21 23:12:51
313,2.8,18.2987,-64.3523,18,2012-06-21 22:58:12
314,5.5,-17.933,-178.175,526.2,2012-06-21 22:34:35
315,4.6,-11.554,-76.665,92.1,2012-06-21 22:17:11
316,2.9,54.3431,-158.6029,36.3,2012-06-21 22:13:44
317,4.5,-15.693,41.386,10,2012-06-21 21:56:46
318,4.3,-65.474,177.969,10,2012-06-21 21:23:20
319,5.2,39.437,143.34,33.1,2012-06-21 20:32:50
320,2.5,63.0669,-150.8779,120.8,2012-06-21 20:12:20
321,2.7,52.9068,-163.7026,20,2012-06-21 19:34:25
322,2.7,19.0529,-66.414,27,2012-06-21 18:48:06
323,4.5,-20.477,-69.055,93.1,2012-06-21 16:22:47
324,2.6,19.0676,-66.4048,33,2012-06-21 13:20:09
325,4.8,2.728,123.062,461,2012-06-21 12:22:18
326,4.3,-3.0416,129.8422,41.36,2012-06-21 11:52:30
327,5.1,2.647,128.266,114.7,2012-06-21 11:40:34
328,3.4,18.142,-64.416,176,2012-06-21 11:16:56
329,4.3,12.618,-88.077,64.2,2012-06-21 10:51:40
330,4.3,-3.196,102.911,204.3,2012-06-21 10:00:00
331,4.5,-35.548,-72.183,9.9,2012-06-21 09:24:22
332,2.8,50.2256,178.8714,33.3,2012-06-21 09:20:53
333,3.5,62.3044,-149.6071,53.6,2012-06-21 09:04:06
334,3,51.3812,179.6782,52,2012-06-21 07:23:31
335,3,60.0193,-152.7574,94.9,2012-06-21 06:57:31
336,2.5,36.1601,-89.6718,9.4,2012-06-21 06:56:21
337,2.6,54.9032,-157.2359,9.8,2012-06-21 05:34:40
338,4.7,-25.82,179.739,488.9,2012-06-21 05:18:40
339,4.2,-25.442,-69.77,73.2,2012-06-21 05:18:18
340,4.9,12.553,143.98,30.5,2012-06-21 03:43:03
341,4.9,12.557,143.856,35,2012-06-21 03:32:12
342,4.6,-38.23,176.493,172.9,2012-06-21 03:25:53
343,2.8,18.5858,-64.7285,51,2012-06-21 02:49:30
344,4.6,26.275,66.418,23.4,2012-06-21 02:00:21
345,4.7,39.426,143.258,32.7,2012-06-21 02:00:03
346,2.9,54.5547,-162.1916,37.2,2012-06-21 01:47:17
347,2.6,52.7098,-163.9735,13.8,2012-06-21 01:21:27
348,2.5,63.4024,-151.519,10.5,2012-06-21 01:04:09
349,4.5,36.986,140.972,51.6,2012-06-20 23:56:34
350,5.4,-8.699,156.998,10,2012-06-20 23:20:56
351,2.5,19.9188,-155.477,33.4,2012-06-20 22:12:34
352,5.4,0.102,123.426,142.3,2012-06-20 21:55:53
353,2.8,54.0952,-163.081,33.5,2012-06-20 21:46:53
354,4.3,-3.732,101.84,35,2012-06-20 21:29:19
355,2.7,38.8337,-122.8122,2.4,2012-06-20 20:56:46
356,2.6,37.4083,-118.601,12.1,2012-06-20 20:10:25
357,4.8,4.269,126.628,35.3,2012-06-20 19:18:25
358,2.6,18.6585,-65.1017,37,2012-06-20 17:46:51
359,3.1,51.6388,177.1564,78.8,2012-06-20 17:08:07
360,4.3,1.317,127.163,82.2,2012-06-20 15:54:17
361,4.3,34.941,73.62,41,2012-06-20 15:05:54
362,4.5,49.258,155.719,58.2,2012-06-20 14:46:52
363,4.2,36.559,71.045,153.1,2012-06-20 13:46:34
364,4.7,2.262,-76.361,158.1,2012-06-20 12:31:29
365,4.5,1.348,97.023,30.7,2012-06-20 11:12:22
366,5.2,-4.927,103.198,68.2,2012-06-20 09:59:04
367,4.6,-28.538,-70.564,87.2,2012-06-20 06:33:22
368,2.7,32.66,-118.1005,10,2012-06-20 05:50:31
369,4.5,53.019,170.532,29.8,2012-06-20 04:50:35
370,2.9,63.0846,-150.8659,123.8,2012-06-20 04:21:12
371,2.7,63.2776,-149.529,9.4,2012-06-20 04:07:12
372,2.6,19.3797,-155.2445,3.5,2012-06-20 01:08:37
373,5.3,-0.783,133.239,45.9,2012-06-20 00:41:48
374,2.9,61.4795,-146.603,19.7,2012-06-19 23:48:42
375,2.8,31.8893,-114.9398,10,2012-06-19 23:07:40
376,2.9,19.3877,-155.2462,3.5,2012-06-19 23:01:14
377,4.8,37.628,141.628,32.5,2012-06-19 22:28:47
378,2.9,18.0914,-64.9831,4,2012-06-19 21:40:42
379,4.8,-2.941,99.807,22.2,2012-06-19 21:13:37
380,5.6,53.367,171.707,13.2,2012-06-19 20:56:41
381,2.5,59.8822,-153.4403,129.9,2012-06-19 20:54:15
382,2.7,52.556,-166.917,1.8,2012-06-19 20:47:12
383,5,23.63,70.23,21.8,2012-06-19 20:14:04
384,3,56.9218,-155.8987,55.2,2012-06-19 19:15:54
385,2.7,37.303,-122.1123,8.4,2012-06-19 19:14:46
386,2.7,38.8257,-122.8058,3.1,2012-06-19 19:02:41
387,2.5,38.8228,-122.8043,3.4,2012-06-19 19:02:31
388,4.9,-40.681,44.668,17.6,2012-06-19 18:39:01
389,2.8,18.1182,-65.003,4,2012-06-19 18:09:12
390,4.9,1.259,126.921,76.5,2012-06-19 17:26:44
391,2.8,60.7343,-151.2624,56.2,2012-06-19 16:38:15
392,6,53.363,171.607,14,2012-06-19 15:56:32
393,2.5,57.8806,-156.1254,123,2012-06-19 15:09:20
394,2.6,19.266,-64.2441,17,2012-06-19 14:47:33
395,4.7,-4.583,152.95,70.1,2012-06-19 14:02:23
396,4.1,28.728,76.685,10,2012-06-19 14:00:07
397,5.2,43.443,-127.273,10,2012-06-19 13:40:57
398,3.5,59.668,-153.3485,127.6,2012-06-19 13:22:27
399,4.3,1.229,97.17,35,2012-06-19 13:00:35
400,2.9,18.6026,-65.0248,34,2012-06-19 12:24:15
401,4.6,-22.426,-67.039,197.9,2012-06-19 11:41:34
402,5.2,-38.244,146.194,9.9,2012-06-19 10:53:29
403,3,18.941,-64.8762,40,2012-06-19 09:17:59
404,3.5,53.9086,-164.9894,64.7,2012-06-19 08:59:53
405,4.1,-24.05,-66.67,222.7,2012-06-19 08:56:19
406,2.7,19.4315,-155.774,10.4,2012-06-19 07:54:29
407,4.3,-32.757,-178.191,35.3,2012-06-19 07:54:19
408,3.1,62.5002,-151.2303,85.4,2012-06-19 07:46:11
409,3.3,57.3557,-153.4356,34.7,2012-06-19 06:29:17
410,2.6,52.3264,-169.6374,13.3,2012-06-19 06:17:30
411,2.8,52.7124,-169.6124,4.8,2012-06-19 05:06:30
412,5,-20.481,-178.536,618.6,2012-06-19 04:37:35
413,4.9,-2.922,100.884,57.8,2012-06-19 04:27:57
414,3.3,33.0752,-116.0457,9.9,2012-06-19 04:01:38
415,2.7,19.9852,-156.0802,13.2,2012-06-19 02:03:47
416,4.7,34.23,25.078,40,2012-06-19 01:48:00
417,4.4,39.105,29.148,19.8,2012-06-19 01:46:15
418,4.6,-47.285,-12.509,10,2012-06-19 00:47:24
419,4.6,-16.394,-174.621,10,2012-06-19 00:36:18
420,4.2,-0.72,-12.895,10,2012-06-19 00:31:23
421,4.5,-13.451,166.552,63.1,2012-06-19 00:29:02
422,2.7,53.1649,-164.5074,35.7,2012-06-18 23:15:43
423,4.3,-35.454,-107.309,10,2012-06-18 22:55:35
424,2.5,36.5935,-118.0425,0.8,2012-06-18 22:29:02
425,4.1,19.279,-108.487,10,2012-06-18 22:18:54
426,3.4,19.624,-64.671,53,2012-06-18 22:18:30
427,4.5,39.209,6.396,10,2012-06-18 22:09:50
428,2.5,57.2998,-155.8227,90.3,2012-06-18 21:32:12
429,2.6,40.462,-106.985,7.9,2012-06-18 20:53:28
430,4.8,-0.02,123.396,155,2012-06-18 18:13:52
431,2.5,53.3763,-164.1647,44.9,2012-06-18 16:48:57
432,4.2,1.253,91.782,10,2012-06-18 15:58:26
433,4,1.194,126.748,35,2012-06-18 15:54:07
434,4.3,-19.335,167.934,35,2012-06-18 14:44:31
435,4.8,-33.211,179.56,250,2012-06-18 14:04:43
436,4.2,-10.589,113.655,66,2012-06-18 14:01:19
437,4.9,-1.029,-78.671,35,2012-06-18 13:34:50
438,5.1,2.066,129.312,9.2,2012-06-18 12:50:38
439,5.4,-32.995,-68.529,14.1,2012-06-18 08:29:03
440,2.8,17.8722,-67.0718,3,2012-06-18 08:25:44
441,3.1,59.2666,-153.6319,93.5,2012-06-18 07:25:27
442,4.8,-6.26,154.498,93.3,2012-06-18 06:28:51
443,3,18.6431,-67.3722,6,2012-06-18 06:19:32
444,4.4,52.8297,160.6012,34.95,2012-06-18 05:20:36
445,4.6,48.138,130.847,13.1,2012-06-18 05:11:34
446,4.5,52.724,160.454,39.6,2012-06-18 04:57:43
447,3.1,60.1808,-151.088,45.1,2012-06-18 04:22:10
448,4.5,52.816,160.572,39.3,2012-06-18 04:11:47
449,4.6,52.826,160.449,39.5,2012-06-18 03:58:09
450,4.8,-37.538,51.096,10.1,2012-06-18 03:52:24
451,4.2,14.307,-92.908,42.3,2012-06-18 03:36:19
452,2.7,44.6652,-110.4052,4.6,2012-06-18 03:27:42
453,4.6,51.762,-173.657,52.7,2012-06-18 03:17:35
454,4.8,14.57,-92.619,82.4,2012-06-18 02:53:21
455,2.8,18.1187,-67.1676,21,2012-06-18 02:14:13
456,3,18.5804,-68.8655,116,2012-06-18 01:54:58
457,5,41.84,-29.151,10,2012-06-18 00:02:40
458,5,-57.017,-26.528,13.8,2012-06-17 23:43:39
459,4.6,42.444,-29.11,10,2012-06-17 23:32:07
460,2.5,17.8677,-66.1966,7,2012-06-17 23:25:14
461,4.5,10.922,125.35,35,2012-06-17 23:18:55
462,2.8,19.253,-64.272,25,2012-06-17 22:46:35
463,3,38.8112,-122.8198,2.3,2012-06-17 20:32:42
464,6.3,38.875,141.856,36,2012-06-17 20:32:20
465,4.2,-31.739,-69.678,4,2012-06-17 20:22:38
466,2.5,52.8162,-163.6782,20,2012-06-17 19:40:15
467,4.6,40.57,21.629,14.2,2012-06-17 19:20:43
468,3.2,19.3948,-65.5877,29,2012-06-17 19:06:40
469,2.5,35.1708,-85.3732,18.3,2012-06-17 18:39:38
470,2.9,52.7419,-169.5211,6.6,2012-06-17 18:22:37
471,5.3,-20.559,-174.342,10,2012-06-17 17:26:27
472,4.2,39.201,143.026,33.4,2012-06-17 16:20:19
473,4,35.91,22.091,54.2,2012-06-17 16:09:51
474,4.7,43.669,-28.801,10,2012-06-17 14:34:19
475,3.3,36.4111,-89.5295,8.4,2012-06-17 13:40:31
476,3.8,63.163,-151.3585,14.5,2012-06-17 13:21:08
477,4.1,-55.692,-27.359,27.7,2012-06-17 13:19:39
478,4.6,53.436,-165.676,25.6,2012-06-17 12:53:49
479,4.6,-15.348,-172.954,23.7,2012-06-17 12:38:45
480,2.6,51.9195,176.3938,41.2,2012-06-17 11:00:44
481,2.8,19.3024,-66.1778,26,2012-06-17 10:42:03
482,4.4,23.606,121.632,10,2012-06-17 09:09:37
483,4.6,23.594,121.599,10,2012-06-17 09:07:53
484,5,23.647,121.574,6.9,2012-06-17 09:01:52
485,4.6,36.146,139.981,55.9,2012-06-17 07:13:16
486,4.8,-17.772,-176.731,10,2012-06-17 06:38:08
487,4.7,52.743,160.654,43.4,2012-06-17 05:18:33
488,3,18.9698,-64.5865,24,2012-06-17 05:05:00
489,4,-33.233,-179.044,35,2012-06-17 04:00:31
490,5.7,-8.511,160.356,50.8,2012-06-17 03:43:10
491,3.4,19.148,-64.179,44,2012-06-17 03:17:58
492,4.3,-6.488,-80.756,44.2,2012-06-17 03:12:07
493,2.7,19.1021,-66.4059,37,2012-06-17 02:25:54
494,4.3,-30.973,-179,35,2012-06-17 01:39:28
495,2.7,51.9184,-172.2845,24.4,2012-06-17 00:42:33
496,4.6,-21.974,-178.849,589.2,2012-06-17 00:29:40
497,4.3,6.088,126.984,63.3,2012-06-17 00:20:39
498,2.5,17.867,-66.1922,6,2012-06-16 23:56:38
499,3.5,53.971,-165.042,67.1,2012-06-16 23:43:25
500,2.8,31.547,-115.9233,5,2012-06-16 23:38:31
501,4.6,-55.631,-35.433,7.6,2012-06-16 23:25:25
502,5.9,15.59,119.556,28,2012-06-16 22:18:47
503,2.8,51.575,-176.656,42.6,2012-06-16 22:07:23
504,2.5,51.282,175.593,25.7,2012-06-16 22:03:43
505,3.8,31.5555,-115.9093,10,2012-06-16 21:35:18
506,2.7,54.501,-160.946,25.7,2012-06-16 21:32:38
507,4.5,-3.394,-77.043,74.7,2012-06-16 20:35:17
508,4.3,29.065,52.996,18.9,2012-06-16 19:23:58
509,2.7,32.2438,-115.2947,16.3,2012-06-16 16:10:06
510,4.2,52.4822,-172.4847,195.3,2012-06-16 15:06:32
511,3,60.0271,-153.2426,129.5,2012-06-16 13:26:42
512,5.1,20.657,145.407,81.5,2012-06-16 13:05:27
513,2.6,32.1067,-115.7507,10,2012-06-16 12:18:33
514,2.9,33.3188,-116.402,7.2,2012-06-16 11:57:44
515,2.7,18.6439,-64.4996,57,2012-06-16 11:19:39
516,3.3,18.3521,-68.0183,101,2012-06-16 10:53:06
517,4.4,51.858,-170.528,30.9,2012-06-16 10:37:57
518,4.2,-14,-76.14,56,2012-06-16 10:36:48
519,2.8,19.4058,-155.3017,3.6,2012-06-16 09:06:47
520,2.5,54.02,-163.674,34.8,2012-06-16 08:17:34
521,2.9,51.56,-176.66,41.6,2012-06-16 07:05:46
522,3.4,49.615,-127.103,40,2012-06-16 06:57:25
523,4.3,46.044,150.381,124.7,2012-06-16 06:13:06
524,3.5,60.0227,-153.4071,147.5,2012-06-16 05:04:33
525,2.6,19.3747,-155.2408,2.8,2012-06-16 02:44:34
526,4.8,-2.225,-76.225,45.5,2012-06-16 00:19:38
527,3.8,19.8742,-156.0027,39.7,2012-06-16 00:18:34
528,4.3,2.308,96.26,47.6,2012-06-15 22:59:31
529,3.1,18.957,-66.8119,8.5,2012-06-15 22:45:52
530,2.9,59.7563,-152.1377,63.9,2012-06-15 22:43:17
531,2.5,19.3763,-155.2407,3,2012-06-15 22:36:06
532,3,19.3807,-155.245,3.1,2012-06-15 22:34:19
533,4.6,51.474,-176.647,38.7,2012-06-15 22:18:27
534,4.2,1.352,127.103,35,2012-06-15 22:08:58
535,4.5,-36.697,177.579,197.4,2012-06-15 21:14:49
536,2.8,32.5087,-115.6325,10,2012-06-15 20:12:46
537,3,38.8328,-122.801,1.4,2012-06-15 20:07:06
538,2.8,56.5244,-156.3959,41.4,2012-06-15 19:44:41
539,3.1,51.3679,-168.226,25.6,2012-06-15 18:59:27
540,3.14,37.145,-116.3646,7.544,2012-06-15 18:51:58
541,4.7,38.957,143.418,16.5,2012-06-15 18:27:22
542,3.2,19.5279,-64.887,76,2012-06-15 18:00:38
543,2.7,67.6284,-162.211,11.3,2012-06-15 16:59:37
544,2.7,40.2738,-125.132,10.2,2012-06-15 15:12:18
545,3.5,19.627,-64.928,59,2012-06-15 14:41:24
546,2.9,51.6686,176.618,36.3,2012-06-15 14:22:11
547,2.5,38.516,-122.4443,11.2,2012-06-15 14:21:45
548,2.5,32.1002,-115.7183,15.2,2012-06-15 14:05:21
549,4.6,6.562,123.276,639,2012-06-15 11:04:22
550,4.2,30.348,69.207,18.8,2012-06-15 09:36:22
551,4.8,45.3325,147.7423,165.1,2012-06-15 09:35:21
552,5.4,-3.381,146.309,35.7,2012-06-15 08:43:32
553,3.4,53.904,-164.002,41.2,2012-06-15 08:35:41
554,2.9,51.301,-177.647,23.4,2012-06-15 08:26:49
555,2.6,36.103,-120.207,8.1,2012-06-15 08:24:20
556,4.7,38.224,141.735,61.4,2012-06-15 07:31:51
557,3.2,32.462,-97.273,5,2012-06-15 07:02:33
558,4.4,6.803,-73.146,150.6,2012-06-15 06:59:21
559,4.2,16.003,-94.896,50.5,2012-06-15 06:53:36
560,2.7,19.2427,-155.5158,32.8,2012-06-15 06:18:08
561,4.7,-38.188,-74.702,22.3,2012-06-15 05:43:13
562,2.8,18.1751,-67.3961,13.3,2012-06-15 05:28:49
563,4.5,-5.26,102.631,47.7,2012-06-15 05:12:16
564,4.4,37.03,141.338,40.5,2012-06-15 05:09:46
565,2.5,32.1897,-115.2215,10,2012-06-15 04:49:04
566,4.2,6.012,127.399,35,2012-06-15 03:41:32
567,4.3,-16.288,-69.574,174.9,2012-06-15 03:33:02
568,2.5,32.235,-115.2347,7,2012-06-15 03:30:45
569,2.5,32.2268,-115.2305,10,2012-06-15 03:28:37
570,4.3,-20.14,-176.853,436.5,2012-06-15 03:05:01
571,5.7,5.718,126.354,41.4,2012-06-15 01:14:07
572,4.1,-21.915,-68.658,123.8,2012-06-15 01:03:57
573,3,19.9748,-155.5543,15,2012-06-15 00:31:59
574,2.8,51.289,179.787,19.3,2012-06-15 00:14:59
575,2.8,62.4955,-151.233,82.2,2012-06-14 22:38:11
576,5.2,42.166,84.279,12.9,2012-06-14 21:51:26
577,3,32.1095,-115.7258,11.3,2012-06-14 21:25:34
578,3.1,32.281,-115.3633,10,2012-06-14 20:56:39
579,3,56.147,-142.5236,10,2012-06-14 20:43:25
580,3.1,35.407,-97.434,1.9,2012-06-14 20:24:28
581,5.5,1.319,126.82,56.5,2012-06-14 20:17:24
582,2.8,31.8678,-115.7677,13.5,2012-06-14 19:35:26
583,2.7,60.4578,-152.4292,108.8,2012-06-14 19:25:19
584,2.6,54.3708,-162.0931,25.6,2012-06-14 16:58:15
585,4.4,36.324,29.138,46.8,2012-06-14 16:46:07
586,4.4,36.3564,29.0931,45.87,2012-06-14 16:46:07
587,5.2,23.73,121.56,9.6,2012-06-14 16:15:13
588,4.7,28.364,134.98,15.1,2012-06-14 15:51:36
589,2.6,63.2609,-151.3754,10.3,2012-06-14 15:32:49
590,5.4,-22.239,179.706,561.9,2012-06-14 11:04:03
591,4.7,2.697,91.412,13.7,2012-06-14 10:58:25
592,2.5,34.799,-120.9678,3.5,2012-06-14 10:13:30
593,3.6,18.107,-68.426,114.8,2012-06-14 10:04:30
594,2.8,58.5986,-156.0789,183.4,2012-06-14 09:12:58
595,3.1,18.642,-65.092,10.7,2012-06-14 07:56:15
596,2.5,52.8051,-169.5331,8.4,2012-06-14 07:21:23
597,3.4,63.0805,-151.6075,14,2012-06-14 06:25:04
598,3.1,17.2689,-67.1959,45.1,2012-06-14 06:22:46
599,2.5,51.4824,-174.9765,25.6,2012-06-14 06:19:26
600,5.3,37.256,42.492,14.9,2012-06-14 05:52:54
601,4.1,-22.8031,-63.81,532.08,2012-06-14 04:47:47
602,2.6,37.227,-104.614,2,2012-06-14 03:48:27
603,3.3,52.1316,-171.819,26.1,2012-06-14 03:37:01
604,4,33.9085,-117.7917,9.8,2012-06-14 03:17:15
605,2.9,60.012,-153.8487,177.6,2012-06-14 03:06:24
606,4.8,-3.682,128.825,58.2,2012-06-14 02:17:29
607,3.3,19.4389,-65.9649,39,2012-06-14 01:34:51
608,4.2,-55.726,-26.773,11.3,2012-06-14 00:35:32
609,4.5,51.621,-173.198,45.9,2012-06-13 23:26:55
610,4.4,1.501,94.207,8.9,2012-06-13 23:25:49
611,3.1,35.46,-96.7,3,2012-06-13 22:44:32
612,4.3,39.575,143.642,27.8,2012-06-13 22:24:11
613,3.7,53.1053,-164.4948,29.9,2012-06-13 19:42:12
614,2.7,37.208,-104.609,5,2012-06-13 19:33:36
615,4.6,-49.627,126.385,10,2012-06-13 16:54:08
616,2.6,40.8703,-123.4735,23.6,2012-06-13 15:47:16
617,2.5,32.1712,-115.2032,6.7,2012-06-13 15:40:14
618,2.6,18.6229,-67.3519,4.3,2012-06-13 15:28:12
619,2.5,60.6792,-145.0969,13.3,2012-06-13 15:17:51
620,4,36.465,71.166,113.3,2012-06-13 15:12:56
621,2.5,35.549,-97.238,4,2012-06-13 15:03:36
622,4.5,45.255,148.567,121.1,2012-06-13 13:38:34
623,3.4,40.8707,-123.4683,23.8,2012-06-13 13:25:03
624,4.8,53.821,158.713,133.8,2012-06-13 10:31:47
625,4.5,33.191,137.406,357.4,2012-06-13 10:11:22
626,3,67.9903,-168.1994,20,2012-06-13 10:10:26
627,4.1,36.4436,29.0642,41.03,2012-06-13 08:59:09
628,4.3,24.73,121.232,10,2012-06-13 08:22:21
629,2.5,66.098,-148.5189,17,2012-06-13 07:19:35
630,5.3,-55.804,-28.407,62.6,2012-06-13 07:06:42
631,2.8,35.605,-96.5735,5,2012-06-13 06:36:18
632,3.3,35.542,-97.258,4.6,2012-06-13 06:21:36
633,2.5,52.4832,-168.7957,16.8,2012-06-13 05:57:35
634,2.7,40.4652,-124.7635,25.4,2012-06-13 00:18:51
635,4.2,11.023,-85.912,36.7,2012-06-13 00:00:09
636,4,-3.762,128.784,35,2012-06-12 23:11:25
637,4.3,36.309,29.042,35,2012-06-12 21:58:12
638,4.2,26.78,128.325,9.8,2012-06-12 21:56:39
639,2.7,19.329,-155.1248,8.4,2012-06-12 21:27:42
640,2.7,38.9558,-122.6885,3.6,2012-06-12 20:48:35
641,4.9,-0.204,123.11,87,2012-06-12 19:54:17
642,2.5,18.6289,-66.6924,17.5,2012-06-12 19:33:28
643,4.5,6.564,123.549,620.3,2012-06-12 19:03:36
644,4.8,-20.314,-173.8,36.7,2012-06-12 19:01:07
645,4.4,56.535,-168.376,10.3,2012-06-12 18:17:01
646,4.6,23.702,94.285,59.6,2012-06-12 17:02:03
647,3.2,54.3332,-164.1835,83,2012-06-12 16:12:54
648,4.5,-3.691,128.813,18.1,2012-06-12 15:59:37
649,2.5,57.7142,-156.3284,119.8,2012-06-12 15:48:36
650,4.3,47.709,146.95,420.8,2012-06-12 15:16:39
651,2.7,39.5395,-123.5918,4.5,2012-06-12 14:15:54
652,2.5,60.7012,-152.3267,102.1,2012-06-12 14:01:34
653,4.3,-36.618,178.802,77.9,2012-06-12 13:49:46
654,5.1,-31.696,-178.657,46.3,2012-06-12 13:48:34
655,4.7,28.111,104.416,21.6,2012-06-12 13:40:42
656,4.7,28.1485,104.3916,21.6,2012-06-12 13:40:42
657,2.7,56.801,-150.1541,10,2012-06-12 13:39:06
658,2.6,58.3357,-154.8498,1,2012-06-12 13:29:03
659,4.6,-55.987,-27.459,114.6,2012-06-12 13:13:59
660,4.6,15.385,-93.057,94.1,2012-06-12 13:13:11
661,4.5,37.349,142.19,31.4,2012-06-12 11:12:48
662,3.3,64.5779,-152.2906,12.3,2012-06-12 10:45:10
663,3,41.2732,-123.4682,40.6,2012-06-12 10:40:21
664,2.7,51.4941,-175.9265,35.6,2012-06-12 10:00:17
665,3.3,18.645,-68.885,100.8,2012-06-12 08:54:19
666,4.6,34.842,141.423,35,2012-06-12 08:13:44
667,4.3,-14.234,-72.728,72.4,2012-06-12 07:23:38
668,5.4,-5.675,105.474,172.5,2012-06-12 05:59:39
669,2.7,18.832,-67.1689,12.2,2012-06-12 05:28:21
670,4.3,29.7237,50.7109,34.06,2012-06-12 05:12:11
671,2.6,52.2339,-171.414,25.9,2012-06-12 04:57:11
672,2.5,18.3271,-67.4542,22.8,2012-06-12 04:46:39
673,4.4,44.905,10.975,4.8,2012-06-12 01:48:36
674,3.6,60.1094,-153.2915,149.7,2012-06-12 01:09:22
675,4.9,-17.826,-69.804,87.9,2012-06-11 23:37:36
676,4.7,-40.801,-87.748,10,2012-06-11 23:19:43
677,4.5,-41.517,-88.205,35,2012-06-11 23:19:42
678,3.4,58.862,-137.323,0,2012-06-11 22:23:54
679,2.6,53.808,-164.2,41.5,2012-06-11 22:23:22
680,4.2,38.841,142.516,35,2012-06-11 22:15:07
681,2.6,32.0973,-115.7108,10,2012-06-11 21:40:21
682,3.2,32.1068,-115.741,12.4,2012-06-11 20:46:24
683,2.8,40.7207,-124.9297,24.5,2012-06-11 18:06:09
684,4.2,-50.293,112.432,10,2012-06-11 16:09:59
685,4,31.292,103.556,27.9,2012-06-11 15:54:02
686,3.1,52.6278,-172.9211,246.4,2012-06-11 15:09:09
687,3.1,18.4419,-68.6849,100,2012-06-11 15:06:33
688,4.2,-43.529,172.682,8.8,2012-06-11 14:34:35
689,2.6,19.4028,-155.2838,1,2012-06-11 14:16:11
690,3,19.048,-155.364,34.4,2012-06-11 13:42:11
691,4.4,-50.353,112.563,10,2012-06-11 13:37:30
692,4.8,6.726,123.754,618.8,2012-06-11 13:31:47
693,4.3,-60.591,-26.924,35,2012-06-11 13:03:19
694,2.5,62.1464,-152.0683,105.7,2012-06-11 12:35:28
695,2.5,51.7558,179.0783,85,2012-06-11 11:54:06
696,4.6,-27.505,-176.764,37.9,2012-06-11 11:12:47
697,2.5,19.1672,-155.4652,45.6,2012-06-11 11:11:34
698,4.6,40.126,142.515,58.8,2012-06-11 10:33:12
699,2.5,50.8059,-179.4913,21.3,2012-06-11 10:18:27
700,2.6,50.8079,-179.4582,26,2012-06-11 10:12:12
701,4.5,-37.075,-73.566,17.9,2012-06-11 09:50:57
702,4.2,36.313,69.3932,10,2012-06-11 08:32:52
703,4.6,17.35,146.293,97.8,2012-06-11 08:20:37
704,3.2,19.7145,-68.5035,82.6,2012-06-11 07:24:41
705,5.7,36.082,69.316,31.3,2012-06-11 05:29:14
706,5.4,36.048,69.302,48.9,2012-06-11 05:02:17
707,2.9,54.8453,-157.2705,18.7,2012-06-11 04:33:18
708,2.7,34.25,-116.4285,1.3,2012-06-11 04:24:39
709,3.2,38.0867,-119.1447,7.5,2012-06-11 04:20:26
710,3.4,19.6634,-64.7693,41.5,2012-06-11 02:42:32
711,2.6,38.8178,-122.8282,2.5,2012-06-11 02:00:42
712,4.2,22.681,144.09,35,2012-06-11 00:55:08
713,3.1,69.4595,-144.7063,12.7,2012-06-11 00:18:36
714,4.4,-5.803,130.061,197,2012-06-10 23:51:27
715,2.9,32.1102,-115.7342,14,2012-06-10 22:57:45
716,4,32.105,-115.735,11.3,2012-06-10 22:45:42
717,3,18.9939,-65.1019,35.9,2012-06-10 20:44:13
718,2.7,34.4982,-119.1093,6.8,2012-06-10 20:25:46
719,3.2,52.4082,-170.2306,29.5,2012-06-10 19:44:07
720,4.3,-20.256,-69.185,89.2,2012-06-10 19:25:52
721,4.6,30.917,130.836,76.2,2012-06-10 17:11:30
722,4,30.363,132.009,22,2012-06-10 16:43:40
723,2.7,51.8318,178.1902,134.1,2012-06-10 16:04:59
724,4.2,6.793,-73.2,155.6,2012-06-10 15:21:40
725,4.7,4.745,96.112,19.5,2012-06-10 15:12:08
726,5,18.689,145.616,155.4,2012-06-10 13:32:55
727,4.8,36.41,28.91,39,2012-06-10 12:49:36
728,6,36.42,28.88,35,2012-06-10 12:44:16
729,4.4,-27.646,66.022,10,2012-06-10 12:12:34
730,4.3,-17.768,-178.672,543.1,2012-06-10 10:55:34
731,2.7,18.6226,-65.2752,71.6,2012-06-10 10:01:55
732,4.7,2.875,125.436,152.3,2012-06-10 09:36:35
733,4.7,20.026,121.529,44.9,2012-06-10 09:28:15
734,3,18.1679,-66.9418,11.9,2012-06-10 08:44:24
735,4.7,38.742,142.119,48.7,2012-06-10 08:38:02
736,4.6,-7.286,126.134,456.2,2012-06-10 08:34:56
737,5.1,-55.937,-27.545,110.6,2012-06-10 08:18:04
738,4.5,-4.904,144.311,122.8,2012-06-10 07:48:53
739,4.4,4.015,128.781,69.7,2012-06-10 07:25:59
740,2.6,18.8365,-64.3643,47.8,2012-06-10 06:56:54
741,3.4,40.9852,-124.8322,24.5,2012-06-10 06:55:50
742,3,18.603,-68.426,142.8,2012-06-10 06:53:03
743,4.6,23.849,121.67,43.1,2012-06-10 06:23:29
744,2.7,40.3572,-124.8672,18.3,2012-06-10 05:47:20
745,2.6,32.101,-115.7408,14.7,2012-06-10 04:40:39
746,3.1,34.9518,-116.7223,1.8,2012-06-10 04:33:58
747,4.1,36.258,141.025,35,2012-06-10 04:21:53
748,4.5,36.235,71.028,107,2012-06-10 03:29:40
749,2.8,34.2538,-116.43,1.7,2012-06-10 03:13:54
750,2.7,34.2538,-116.4327,2.3,2012-06-10 01:48:51
751,4.3,-57.854,-25.412,86.3,2012-06-10 01:39:37
752,2.5,33.7685,-116.1022,7.4,2012-06-10 00:59:43
753,3.5,51.783,176.289,25.5,2012-06-10 00:18:40
754,4.2,-4.602,102.62,35,2012-06-09 23:57:50
755,4.5,-17.421,167.303,25.2,2012-06-09 23:43:32
756,4.1,-7.678,147.172,10,2012-06-09 23:31:11
757,2.7,32.3243,-115.3452,10,2012-06-09 23:16:22
758,4.2,2.498,92.373,10,2012-06-09 22:05:30
759,4.6,24.461,122.324,75.8,2012-06-09 21:54:19
760,5.9,24.572,122.248,70,2012-06-09 21:00:18
761,4.5,38.231,147.069,14.9,2012-06-09 20:43:48
762,2.7,19.454,-64.903,61.3,2012-06-09 18:42:19
763,2.5,20.0877,-155.9648,13.1,2012-06-09 18:10:24
764,4.6,0.557,122.335,120.7,2012-06-09 16:30:55
765,3,32.1037,-115.7243,11.6,2012-06-09 15:41:52
766,5.4,48.822,154.946,32.4,2012-06-09 14:23:18
767,3.6,19.4794,-64.9496,71.2,2012-06-09 13:25:53
768,5,51.717,159.197,15.6,2012-06-09 12:02:46
769,4.2,36.394,140.872,54.8,2012-06-09 10:20:15
770,5.1,-60.599,-26.425,10,2012-06-09 09:53:51
771,2.5,61.9348,-150.5935,4,2012-06-09 08:54:18
772,5.1,-2.987,127.671,38,2012-06-09 08:49:30
773,4.2,-11.388,116.281,11.1,2012-06-09 08:32:48
774,4.8,28.4,84.126,20.1,2012-06-09 07:54:11
775,3.4,18.6949,-64.289,40.8,2012-06-09 07:33:26
776,3,59.8078,-153.2103,116.3,2012-06-09 06:52:23
777,4.2,16.298,-98.312,10,2012-06-09 06:19:21
778,4.5,22.833,120.644,17.7,2012-06-09 04:41:19
779,3.6,18.6909,-68.8489,137,2012-06-09 04:18:41
780,4.8,46.793,152.34,80.3,2012-06-09 03:59:16
781,2.5,62.8625,-150.5677,89,2012-06-09 03:58:04
782,2.6,60.9533,-152.588,142.8,2012-06-09 03:47:42
783,4.1,-18.726,169.754,303.4,2012-06-09 02:25:32
784,4.5,46.209,12.444,7,2012-06-09 02:04:55
785,4.3,48.298,153.296,128.6,2012-06-09 01:29:59
786,2.7,31.5578,-115.7163,10,2012-06-09 01:15:54
787,4.7,-6.511,129.537,182.8,2012-06-09 00:55:29
788,4.3,24.267,141.519,119.7,2012-06-09 00:12:01
789,3.8,32.1097,-115.7352,12.5,2012-06-08 22:24:49
790,2.6,62.0282,-151.4062,83.4,2012-06-08 20:59:32
791,4.3,62.2256,-147.8753,40.4,2012-06-08 18:27:36
792,2.6,61.9405,-147.44,39.3,2012-06-08 17:53:52
793,4.5,36.565,146.313,14.5,2012-06-08 17:33:55
794,4.9,29.748,50.694,33.4,2012-06-08 16:15:14
795,4.6,-12.16,-76.479,9.9,2012-06-08 12:54:27
796,2.9,51.3674,-179.053,59.1,2012-06-08 12:21:52
797,4.7,-7.913,147.314,34.8,2012-06-08 11:36:23
798,4,-30.773,150.54,17,2012-06-08 11:31:05
799,4.6,-22.955,-175.415,34.3,2012-06-08 10:47:09
800,2.9,62.8475,-150.8049,94,2012-06-08 08:24:42
801,4.5,-5.874,107.396,300.5,2012-06-08 07:04:23
802,4.5,42.631,69.782,40.3,2012-06-08 06:47:03
803,4.9,3.718,127.324,35,2012-06-08 06:29:13
804,4.9,37.558,141.852,48.8,2012-06-08 05:22:40
805,4.5,31.01,130.956,74.3,2012-06-08 05:15:51
806,4.2,11.64,124.893,35,2012-06-08 04:41:31
807,4.6,-4.186,135.679,9.4,2012-06-08 04:29:47
808,4.2,36.315,139.066,150.2,2012-06-08 04:27:20
809,4.8,-1.657,-81.511,33.5,2012-06-08 04:19:03
810,4.3,36.911,141.096,42.5,2012-06-08 04:10:38
811,2.7,18.84,-67.8079,9.8,2012-06-08 04:08:21
812,4.2,41.33,20.89,7,2012-06-08 03:44:28
813,2.7,17.9449,-64.967,34.8,2012-06-08 03:36:20
814,2.6,33.1772,-115.6183,1.2,2012-06-08 03:23:58
815,4,36.194,70.771,93.2,2012-06-08 03:18:41
816,2.5,33.1758,-115.6167,1.9,2012-06-08 03:17:07
817,2.6,62.8319,-150.3188,92.9,2012-06-08 03:14:37
818,2.7,67.8206,-166.6978,20,2012-06-08 01:46:15
819,4,-29.694,-72.834,10.3,2012-06-08 01:38:24
820,4.2,11.807,-86.423,78.6,2012-06-08 00:35:02
821,4.2,-35.314,179.158,136.3,2012-06-08 00:06:42
822,4.1,37.709,141.765,58.6,2012-06-07 23:33:44
823,4.3,57.837,-124.87,10,2012-06-07 23:19:23
824,4.3,-7.35,129.425,137.5,2012-06-07 22:07:59
825,4.5,2.663,128.728,85.5,2012-06-07 22:02:34
826,3,53.545,-164.961,33.4,2012-06-07 21:26:38
827,4.4,35.44,140.223,46.9,2012-06-07 21:13:34
828,4.6,-30.43,-177.734,35,2012-06-07 21:10:12
829,4.9,40.825,27.906,10,2012-06-07 20:54:27
830,4.8,-15.0626,-173.6819,29.18,2012-06-07 18:02:42
831,4.8,-22.41,-65.923,251.9,2012-06-07 17:06:46
832,6.1,-15.945,-72.529,102.9,2012-06-07 16:03:18
833,2.8,41.0918,-125.2598,24.1,2012-06-07 15:36:56
834,3.1,19.3556,-66.0302,89.8,2012-06-07 15:20:03
835,4,-44.287,169.748,13,2012-06-07 14:37:30
836,3.1,18.9629,-65.827,12.7,2012-06-07 10:22:16
837,4.4,41.348,20.878,9.8,2012-06-07 10:17:15
838,5.8,-20.125,-176.302,271.5,2012-06-07 09:01:52
839,2.9,51.4787,179.0375,64.6,2012-06-07 08:54:14
840,2.7,19.3703,-155.4955,7.5,2012-06-07 08:39:43
841,3.1,19.329,-65.8509,6.1,2012-06-07 08:26:27
842,4.7,-31.621,-71.416,51.9,2012-06-07 07:40:55
843,2.6,32.2292,-115.2417,10,2012-06-07 06:17:52
844,4.9,-25.931,-177.241,99.6,2012-06-07 06:03:58
845,4.7,-0.908,133.307,46.1,2012-06-07 05:17:11
846,2.7,19.3282,-155.3843,31.8,2012-06-07 04:59:48
847,6,-35.993,-70.772,7,2012-06-07 04:05:05
848,2.7,19.4455,-155.2403,30.8,2012-06-07 03:42:16
849,4.9,1.606,126.623,52.3,2012-06-07 01:10:30
850,4.5,-15.316,-177.968,35,2012-06-07 00:22:51
851,5,-22.91,-174.717,10,2012-06-07 00:02:27
852,4,51.58,96.44,10,2012-06-06 22:39:00
853,4.1,29.761,50.665,13.3,2012-06-06 22:14:44
854,4.6,-22.812,-174.657,10,2012-06-06 21:49:15
855,4.2,34.758,141.31,28.9,2012-06-06 21:27:17
856,4.2,-13.08,166.865,202.7,2012-06-06 21:05:48
857,2.6,19.4615,-155.2595,8.3,2012-06-06 18:53:36
858,4.9,1.489,126.348,10,2012-06-06 16:55:58
859,2.8,18.5529,-64.247,69,2012-06-06 16:43:33
860,3.2,52.7078,-169.4975,4.8,2012-06-06 16:27:14
861,4.7,51.727,96.181,10,2012-06-06 16:16:19
862,2.8,19.0049,-65.7559,75,2012-06-06 16:15:44
863,5,-27.034,-177.443,110.8,2012-06-06 16:11:14
864,2.7,57.1405,-156.9017,91.8,2012-06-06 15:51:04
865,4.8,-1.188,27.103,10,2012-06-06 15:38:28
866,2.6,59.9388,-153.3781,153.5,2012-06-06 15:08:35
867,4.6,4.268,-32.419,10,2012-06-06 15:02:40
868,4.6,8.541,-82.567,39.9,2012-06-06 14:23:13
869,5.1,51.706,96.037,17.7,2012-06-06 14:04:16
870,2.7,32.186,-115.2013,5.1,2012-06-06 12:17:53
871,4.5,-20.158,-177.967,532,2012-06-06 11:40:03
872,2.7,18.426,-67.0719,112,2012-06-06 11:16:40
873,2.8,62.4895,-148.2402,5.9,2012-06-06 10:17:04
874,4.3,-31.38,-68.886,105.1,2012-06-06 10:01:42
875,4.4,-27.432,-63.295,575.9,2012-06-06 09:35:34
876,4.3,17.488,-101.007,42.3,2012-06-06 08:15:47
877,4,54.151,-10.904,3,2012-06-06 07:58:13
878,4.6,18.7445,145.4521,245.95,2012-06-06 07:55:51
879,5,-0.918,126.794,36.1,2012-06-06 04:17:30
880,4.5,44.434,12.354,10,2012-06-06 04:08:31
881,2.9,19.2373,-67.1484,27,2012-06-06 03:43:54
882,5,-10.735,161.365,33.3,2012-06-06 02:24:47
883,3,35.7902,-116.2713,11.4,2012-06-06 01:31:41
884,5.5,22.386,121.445,8,2012-06-06 01:08:33
885,4.4,-25.339,70.075,10,2012-06-06 00:34:15
886,4.4,-23.445,179.98,557.3,2012-06-06 00:26:31
887,2.6,36.2813,-120.8602,9.6,2012-06-06 00:02:13
888,3.1,58.6928,-150.2572,0.2,2012-06-05 23:49:32
889,4.3,-36.382,177.946,159.5,2012-06-05 23:35:38
890,4.9,-18.78,168.97,216.1,2012-06-05 23:22:57
891,4.7,-57.952,-25.317,59.6,2012-06-05 23:08:15
892,4.4,-57.912,-25.546,35,2012-06-05 23:07:53
893,4.4,48.35,154.173,92.4,2012-06-05 23:05:48
894,4.2,-23.406,-179.974,544.3,2012-06-05 23:00:33
895,4.4,-35.501,78.404,10,2012-06-05 22:22:49
896,2.7,19.3628,-155.2123,13.6,2012-06-05 20:42:07
897,4.6,36.815,141.274,35.3,2012-06-05 20:37:25
898,3,45.681,-122.945,8.8,2012-06-05 20:35:34
899,2.9,32.125,-115.7232,6,2012-06-05 20:18:14
900,3.2,20.1627,-155.5673,39.9,2012-06-05 20:05:07
901,4.2,42.453,138.623,244.9,2012-06-05 20:03:04
902,3,19.3925,-155.2507,2.8,2012-06-05 19:53:57
903,6.1,34.963,141.174,13.7,2012-06-05 19:31:33
904,4.2,36.538,70.368,192.3,2012-06-05 17:43:15
905,2.6,40.4017,-124.6468,23.7,2012-06-05 17:28:12
906,2.5,61.4915,-151.8176,89.7,2012-06-05 17:27:06
907,2.6,18.572,-65.5975,27.6,2012-06-05 16:51:52
908,4.2,41.492,46.787,38.3,2012-06-05 16:29:48
909,4.2,-15.305,167.294,115.9,2012-06-05 14:46:25
910,4.5,-25.132,179.631,503.4,2012-06-05 14:44:50
911,2.7,60.3927,-150.9256,12.3,2012-06-05 14:22:38
912,2.9,18.4004,-64.1364,83,2012-06-05 13:55:04
913,4.6,37.104,142.578,22.4,2012-06-05 13:05:54
914,2.8,19.3428,-155.2725,0.1,2012-06-05 12:58:00
915,2.5,51.7418,-173.1281,23.1,2012-06-05 12:48:44
916,3.6,19.344,-155.283,1,2012-06-05 12:43:29
917,2.6,19.096,-67.4629,25.8,2012-06-05 11:33:04
918,2.8,37.6863,-123.0002,6.9,2012-06-05 11:32:16
919,2.8,18.582,-66.805,13.4,2012-06-05 11:30:13
920,4,62.402,-152.6723,7.2,2012-06-05 11:19:36
921,5.3,5.452,94.65,36.4,2012-06-05 11:01:17
922,2.9,19.3637,-155.211,3.1,2012-06-05 10:10:42
923,4.6,24.151,122.286,37,2012-06-05 09:56:30
924,4.7,-0.965,126.923,63.1,2012-06-05 08:35:40
925,2.8,19.1459,-64.661,52.4,2012-06-05 07:52:27
926,4.9,38.279,-30.627,10,2012-06-05 07:47:08
927,4.7,-0.803,133.335,33.1,2012-06-05 07:32:47
928,5.2,-18.114,168.324,80.9,2012-06-05 07:20:52
929,2.6,61.586,-151.87,85.7,2012-06-05 06:24:36
930,3.1,18.836,-64.318,42.6,2012-06-05 06:19:05
931,3,32.1123,-115.7403,12.6,2012-06-05 05:49:07
932,4.3,13.952,-91.017,74.5,2012-06-05 05:13:17
933,3.4,19.6994,-64.2051,38.3,2012-06-05 03:33:32
934,4.3,14.807,-92.663,79.9,2012-06-05 03:24:54
935,2.8,18.059,-66.7145,48.6,2012-06-05 02:42:46
936,2.6,18.059,-66.7145,15.6,2012-06-05 02:40:32
937,2.9,19.3385,-155.2758,0.3,2012-06-05 02:25:32
938,4.5,48.458,154.422,62.6,2012-06-05 02:07:05
939,4.9,14.218,145.377,118.4,2012-06-05 01:50:00
940,3.5,19.3397,-155.2828,1,2012-06-05 01:23:10
941,5.1,13.501,-44.854,10,2012-06-05 00:35:26
942,2.8,51.808,-178.391,112.9,2012-06-05 00:08:37
943,4.2,-29.328,-71.214,47.4,2012-06-04 23:31:03
944,2.5,18.0531,-66.6796,16.5,2012-06-04 22:55:07
945,4.3,38.518,144.814,35,2012-06-04 21:51:32
946,4.4,-15.1,-75.54,40,2012-06-04 21:37:32
947,4.4,38.317,-25.921,7.1,2012-06-04 21:23:53
948,4.3,-4.768,153.147,35,2012-06-04 21:09:17
949,2.5,52.4361,-166.8941,57.3,2012-06-04 20:43:34
950,4.9,24.179,122.247,51.1,2012-06-04 20:38:28
951,2.9,57.5374,-148.8817,10,2012-06-04 19:17:23
952,2.6,60.1673,-152.4764,99.6,2012-06-04 18:55:34
953,3.1,18.5918,-68.2328,137.3,2012-06-04 17:53:21
954,5,-0.677,127.699,35,2012-06-04 16:40:03
955,4.6,2.136,68.818,10,2012-06-04 16:14:49
956,4.3,-9.178,118.44,85,2012-06-04 16:11:27
957,4,-55.276,-28.735,10,2012-06-04 15:52:09
958,4.2,-24.604,-177.784,35,2012-06-04 15:40:52
959,3,58.9786,-152.2367,70.4,2012-06-04 14:34:51
960,4.4,36.902,28.238,12.3,2012-06-04 14:19:53
961,5.3,-15.279,-177.919,10,2012-06-04 14:18:52
962,5.7,-15.131,-177.99,10,2012-06-04 14:18:41
963,2.9,32.5317,-115.6382,13.5,2012-06-04 12:54:13
964,2.5,58.1927,-138.0946,11.4,2012-06-04 12:48:55
965,3.9,56.9849,-155.3192,56.6,2012-06-04 12:38:53
966,2.7,19.2728,-155.1198,45.9,2012-06-04 12:15:44
967,2.9,53.7438,-165.2725,42.7,2012-06-04 12:05:57
968,5.8,-7.671,106.418,67.2,2012-06-04 11:18:15
969,3.5,18.9705,-155.4978,37,2012-06-04 10:55:41
970,3,62.6294,-149.6772,70.2,2012-06-04 09:58:07
971,3.2,51.2725,-177.6813,25.6,2012-06-04 08:42:54
972,4.6,5.455,-82.387,10,2012-06-04 08:33:16
973,3.4,19.0522,-65.1184,95.7,2012-06-04 07:40:35
974,4.7,32.256,130.841,45.1,2012-06-04 06:51:05
975,3,17.9899,-64.9619,10.4,2012-06-04 06:14:36
976,2.7,52.3958,-167.6533,25.6,2012-06-04 05:17:52
977,4.7,13.8299,-90.812,98.31,2012-06-04 05:12:02
978,2.5,61.8872,-141.376,18.4,2012-06-04 04:56:47
979,3.1,18.3353,-67.9675,98.5,2012-06-04 04:39:58
980,2.5,37.4828,-118.8093,9.4,2012-06-04 03:33:48
981,2.6,18.6089,-66.9889,19.7,2012-06-04 03:15:34
982,6.3,5.507,-82.457,5.9,2012-06-04 03:15:24
983,6.3,5.307,-82.631,7,2012-06-04 00:45:15
984,4.8,-22.999,-175.144,35,2012-06-04 00:22:33
985,5,-21.941,169.134,35,2012-06-04 00:15:41
986,4.3,35.829,79.72,45.2,2012-06-03 23:19:16
987,4.1,-22.223,-67.08,180.3,2012-06-03 23:17:01
988,5.3,-60.496,-25.686,31.2,2012-06-03 21:00:58
989,2.8,53.631,-166.934,8.8,2012-06-03 20:23:41
990,2.6,36.593,-121.1278,11.7,2012-06-03 19:55:51
991,2.6,40.2862,-124.4818,21.2,2012-06-03 19:52:41
992,4.8,44.939,11.023,6,2012-06-03 19:20:43
993,4.7,-24.111,-70.198,26.2,2012-06-03 19:11:25
994,2.9,59.5894,-146.3169,9.8,2012-06-03 18:48:20
995,3.5,37.2613,-121.6357,8.5,2012-06-03 17:31:37
996,4.3,41.109,139.961,162.5,2012-06-03 17:06:05
997,4.2,36.579,138.417,167.8,2012-06-03 16:44:24
998,3,40.2437,-121.1823,0.1,2012-06-03 15:04:40
999,4,36.5378,5.2295,10,2012-06-03 14:57:32
1000,4.6,-21.939,-179.299,573.4,2012-06-03 14:51:26
1001,3,17.408,-61.531,32.8,2012-06-03 14:51:09
1002,4.7,-3.807,-103.031,10,2012-06-03 14:36:54
1003,4.5,-3.831,-103.552,10,2012-06-03 14:14:50
1004,4.2,18.934,39.31,41.3,2012-06-03 14:10:39
1005,4.6,6.763,123.841,594.4,2012-06-03 13:51:46
1006,4.5,-50.766,162.343,10,2012-06-03 13:46:20
1007,4.1,51.415,176.827,37.6,2012-06-03 13:45:44
1008,4.7,3.313,-82.882,10,2012-06-03 11:54:31
1009,4.5,-21.418,-68.107,110.5,2012-06-03 11:43:43
1010,5,-21.326,-68.013,104.8,2012-06-03 11:39:24
1011,2.6,52.52,-166.886,34.3,2012-06-03 11:17:04
1012,5.5,-16.235,67.21,10,2012-06-03 11:14:47
1013,4.2,18.731,39.407,10,2012-06-03 11:00:54
1014,4.5,35.841,99.863,20.9,2012-06-03 10:49:42
1015,4,-26.504,-63.385,559.6,2012-06-03 08:21:49
1016,2.6,52.2349,179.9393,165.3,2012-06-03 07:49:29
1017,4.2,-43.508,172.755,9.3,2012-06-03 06:47:29
1018,2.6,35.7957,-120.3512,10.7,2012-06-03 04:27:08
1019,3.1,18.2719,-68.3119,105.9,2012-06-03 04:11:03
1020,4.6,40.161,141.96,66.2,2012-06-03 04:07:10
1021,2.6,52.472,-169.923,3.4,2012-06-03 03:19:39
1022,3,52.453,-169.92,5.5,2012-06-03 03:17:21
1023,3.4,51.292,-177.029,20.4,2012-06-03 02:59:21
1024,2.9,54.492,-161.57,17.6,2012-06-03 01:47:32
1025,4.7,-21.087,-174.609,10,2012-06-03 01:13:30
1026,4.4,29.591,131.62,26.1,2012-06-03 00:58:42
1027,4.1,18.028,-63.17,102.2,2012-06-03 00:33:04
1028,3.2,19.284,-66.41,83.6,2012-06-02 22:15:50
1029,4,3.433,126.651,66.5,2012-06-02 22:15:00
1030,2.8,52.306,-171.289,25.4,2012-06-02 21:39:32
1031,4.1,-36.174,-73.725,56.1,2012-06-02 21:36:12
1032,4.3,-16.275,-173.606,10,2012-06-02 21:35:20
1033,4.3,-31.965,-177.782,35,2012-06-02 21:28:32
1034,2.8,18.378,-66.4629,121.6,2012-06-02 21:16:31
1035,3.3,52.817,-170.209,33.7,2012-06-02 20:28:43
1036,2.7,52.5622,-169.978,5.8,2012-06-02 20:28:15
1037,2.7,18.9209,-64.9889,18.9,2012-06-02 19:28:02
1038,4.9,-5.638,141.332,36.5,2012-06-02 18:16:58
1039,2.5,18.794,-67.442,17.8,2012-06-02 17:44:45
1040,3.1,32.113,-115.7332,12.1,2012-06-02 15:55:38
1041,2.7,32.0888,-115.7242,12.1,2012-06-02 14:19:37
1042,4.6,0.329,126.343,67.8,2012-06-02 13:50:29
1043,3.3,19.1415,-65.161,106.8,2012-06-02 11:45:34
1044,2.5,53.0411,-162.8324,33.4,2012-06-02 11:02:32
1045,2.8,55.5077,-154.2966,7.1,2012-06-02 10:38:17
1046,4.6,36.902,141.391,10,2012-06-02 09:48:03
1047,3,53.0937,-162.2072,41.4,2012-06-02 09:27:13
1048,4.3,25.79,142.57,78.2,2012-06-02 09:02:44
1049,5.9,-22.059,-63.555,527,2012-06-02 07:52:53
1050,4.4,2.341,90.373,10,2012-06-02 07:50:16
1051,4.4,-22.073,-63.56,514.5,2012-06-02 07:31:09
1052,3,54.63,-154.038,10,2012-06-02 06:43:56
1053,4.5,-27.769,-66.667,154.6,2012-06-02 06:18:24
1054,2.8,50.203,-179.46,17.2,2012-06-02 05:14:53
1055,4.7,-49.279,120.49,10,2012-06-02 05:01:02
1056,4,28.99,53.05,46,2012-06-02 04:17:24
1057,4.4,-0.706,138.768,10,2012-06-02 02:40:23
1058,3,57.6585,-154.7529,55.6,2012-06-02 02:17:35
1059,4.1,50.531,-130.323,10,2012-06-02 00:37:05
1060,4.5,43.155,46.226,71.8,2012-06-02 00:32:21
1061,4,-17.275,-69.502,152.7,2012-06-02 00:22:19
1062,2.8,63.0809,-147.3725,5.4,2012-06-02 00:18:43
1063,2.7,49.3843,-120.5058,0,2012-06-01 23:06:19
1064,4.2,-16.236,-174.86,10,2012-06-01 21:35:49
1065,4.1,-43.56,172.876,12.3,2012-06-01 20:52:49
1066,4.1,29.68,-108.522,100,2012-06-01 20:12:23
1067,4.4,-0.543,133.157,29.5,2012-06-01 19:59:13
1068,4.6,-6.712,129.822,132.4,2012-06-01 19:56:04
1069,4.6,35.674,140.688,42.2,2012-06-01 19:11:22
1070,4,-0.886,133.448,27.2,2012-06-01 18:38:48
1071,4.7,-31.703,-68.598,18.9,2012-06-01 18:19:52
1072,2.6,59.9286,-153.1319,123.4,2012-06-01 18:07:22
1073,4.6,-21.147,-68.537,111.5,2012-06-01 17:58:54
1074,2.9,49.0716,-112.6931,0,2012-06-01 17:52:25
1075,2.6,53.717,-162.913,25.6,2012-06-01 17:10:38
1076,3.4,18.329,-68.496,137.1,2012-06-01 15:52:02
